,ethnicity_ID,wikidata_id,ethnicity_label,corresponding_ethnicity,count
0,/m/044038p,,Canadian,,145
1,/m/0x67,Q49085,African Americans,https://en.wikipedia.org/wiki/African_Americans,1464
2,/m/064b9n,Q120601,Omaha Tribe of Nebraska,https://en.wikipedia.org/wiki/Omaha_people,1
3,/m/041rx,Q7325,Jewish people,https://en.wikipedia.org/wiki/Jews,703
4,/m/033tf_,Q1075293,Irish Americans,https://en.wikipedia.org/wiki/Irish_Americans,196
5,/m/04gfy7,Q2643509,Indian Americans,https://en.wikipedia.org/wiki/Indian_Americans,31
6,/m/0222qb,Q50001,Italians,https://en.wikipedia.org/wiki/Italians,105
7,/m/01qhm_,Q141817,German Americans,https://en.wikipedia.org/wiki/German_Americans,39
8,/m/0dryh9k,Q862086,Indians,https://en.wikipedia.org/wiki/Indian_people,721
9,/m/048sp5,Q3520262,Ezhava,https://en.wikipedia.org/wiki/Ezhava,2
10,/m/04mvp8,Q1267987,Malayali,https://en.wikipedia.org/wiki/Malayalis,23
11,/m/0bzkm2,Q707133,Taiwanese people,https://en.wikipedia.org/wiki/Taiwanese_people,14
12,/m/02p1pl6,,,,16
13,/m/0bjbszh,,,,5
14,/m/022fdt,Q79797,Armenians,https://en.wikipedia.org/wiki/Armenians,6
15,/m/0cqgdq,Q1265028,Marathi people,https://en.wikipedia.org/wiki/Marathi_people,35
16,/m/0ffkb4,Q1749358,Lithuanian Americans,https://en.wikipedia.org/wiki/Lithuanian_Americans,5
17,/m/075dhf0,,,,2
18,/m/01hwt,Q817393,Black people,https://en.wikipedia.org/wiki/Black_people,9
19,/m/0xnvg,Q974693,Italian Americans,https://en.wikipedia.org/wiki/Italian_Americans,139
20,/m/0dqqwy,Q3015339,Danish Americans,https://en.wikipedia.org/wiki/Danish_Americans,13
21,/m/048z7l,Q678551,American Jews,https://en.wikipedia.org/wiki/American_Jews,51
22,/m/07bch9,Q3476361,Scottish Americans,https://en.wikipedia.org/wiki/Scottish_Americans,72
23,/m/09v5bdn,Q893594,Puerto Ricans,https://en.wikipedia.org/wiki/Puerto_Ricans,26
24,/m/02w7gg,Q42406,English people,https://en.wikipedia.org/wiki/English_people,383
25,/m/03bkbh,Q170826,Irish people,https://en.wikipedia.org/wiki/Irish_people,100
26,/m/02vsw1,Q43103,European Americans,https://en.wikipedia.org/wiki/European_Americans,9
27,/m/09kr66,Q1140588,Russian Americans,https://en.wikipedia.org/wiki/Russian_Americans,13
28,/m/09vc4s,Q1344183,English Americans,https://en.wikipedia.org/wiki/English_Americans,37
29,/m/0g0x7_,Q1282294,Gujarati people,https://en.wikipedia.org/wiki/Gujarati_people,13
30,/m/042gtr,Q1041917,Spanish Americans,https://en.wikipedia.org/wiki/Spanish_Americans,14
31,/m/0cm7w1,Q6529576,Bihari people,https://en.wikipedia.org/wiki/Biharis,6
32,/m/046cwm,Q1255534,Nair,https://en.wikipedia.org/wiki/Nair,3
33,/m/04dbw3,Q1790886,Cuban Americans,https://en.wikipedia.org/wiki/Cuban_Americans,15
34,/m/02ctzb,Q235155,White people,https://en.wikipedia.org/wiki/White_people,492
35,/m/0g8_vp,Q5029681,Canadian Americans,https://en.wikipedia.org/wiki/Canadian_Americans,33
36,/m/092h2qt,,,,1
37,/m/0g6ff,Q49542,Russians,https://en.wikipedia.org/wiki/Russians,29
38,/m/0278pqj,Q21999799,British Nigerian,https://en.wikipedia.org/wiki/British_Nigerians,5
39,/m/0301y_,Q190168,Yoruba people,https://en.wikipedia.org/wiki/Yoruba_people,3
40,/m/019kn7,Q161652,Japanese people,https://en.wikipedia.org/wiki/Japanese_people,119
41,/m/0cnvdq1,Q7429945,Scandinavian Americans,https://en.wikipedia.org/wiki/Scandinavian_Americans,8
42,/m/03295l,Q1413685,Filipino Americans,https://en.wikipedia.org/wiki/Filipino_Americans,12
43,/m/065b6q,Q115026,Swedish Americans,https://en.wikipedia.org/wiki/Swedish_Americans,43
44,/m/03pqwy,Q3072663,Finnish Americans,https://en.wikipedia.org/wiki/Finnish_Americans,3
45,/m/01xhh5,Q484464,Koreans,https://en.wikipedia.org/wiki/Koreans,92
46,/m/03ts0c,Q121842,French,https://en.wikipedia.org/wiki/French_people,109
47,/m/06gbnc,Q188353,Welsh people,https://en.wikipedia.org/wiki/Welsh_people,35
48,/m/07hwkr,Q49078,White Americans,https://en.wikipedia.org/wiki/White_Americans,237
49,/m/0bpjh3,Q402913,Bengali,https://en.wikipedia.org/wiki/Bengalis,31
50,/m/0fpjs3j,Q7901501,Uruguayans,https://en.wikipedia.org/wiki/Uruguayans,2
51,/m/04nrnz,Q1672477,Iranian peoples,https://en.wikipedia.org/wiki/Iranian_peoples,5
52,/m/09k5jvk,Q1209676,Mexicans,https://en.wikipedia.org/wiki/Mexicans,33
53,/m/07mqps,Q1058496,Dutch Americans,https://en.wikipedia.org/wiki/Dutch_Americans,18
54,/m/08hpk0,Q948126,Hungarian Americans,https://en.wikipedia.org/wiki/Hungarian_Americans,18
55,/m/03ttfc,Q160894,Spaniards,https://en.wikipedia.org/wiki/Spaniards,40
56,/m/0d9q7j,Q3531196,Gaud Saraswat Brahmin,https://en.wikipedia.org/wiki/Gaud_Saraswat_Brahmin,1
57,/m/075_n6,Q3521909,Bunt (RAJPUT),https://en.wikipedia.org/wiki/Bunt_(community),2
58,/m/0dllcfn,Q4689218,Afghans in India,https://en.wikipedia.org/wiki/Afghans_in_India,5
59,/m/04kbvpz,,,,2
60,/m/03ftx7,,,,5
61,/m/0747611,,,,1
62,/m/025rpb0,Q58669,Hispanic and Latino Americans,https://en.wikipedia.org/wiki/Hispanic_and_Latino_Americans,25
63,/m/06mvq,Q165192,Swedes,https://en.wikipedia.org/wiki/Swedes,99
64,/m/047l_90,,,,2
65,/m/029f2r,Q1258074,Sindhis,https://en.wikipedia.org/wiki/Sindhis,12
66,/m/01rv7x,Q173491,Tamil,https://en.wikipedia.org/wiki/Tamils,39
67,/m/05sf2x,Q2254415,Italian Canadians,https://en.wikipedia.org/wiki/Italian_Canadians,5
68,/m/01336l,Q727928,Asian Americans,https://en.wikipedia.org/wiki/Asian_Americans,30
69,/m/0bh91q8,Q5622783,Guyanese Americans,https://en.wikipedia.org/wiki/Guyanese_Americans,1
70,/m/01g7zj,Q581921,Mexican Americans,https://en.wikipedia.org/wiki/Mexican_Americans,56
71,/m/0cn68,Q1156766,Japanese Americans,https://en.wikipedia.org/wiki/Japanese_Americans,47
72,/m/02sch9,Q854323,Punjabis,https://en.wikipedia.org/wiki/Punjabis,43
73,/m/0fqp6zk,Q4887679,Bengali Hindus,https://en.wikipedia.org/wiki/Bengali_Hindus,5
74,/m/02y_9mh,Q6365797,Kanyakubja Brahmins,https://en.wikipedia.org/wiki/Kanyakubja_Brahmin,2
75,/m/0d7wh,Q842438,British,https://en.wikipedia.org/wiki/British_people,122
76,/m/0g96wd,Q7994501,White British,https://en.wikipedia.org/wiki/White_British,52
77,/m/047948f,Q3476364,Scottish Australians,https://en.wikipedia.org/wiki/Scottish_Australians,3
78,/m/04ggbzy,Q2704511,White Africans of European ancestry,https://en.wikipedia.org/wiki/White_Africans_of_European_ancestry,4
79,/m/04q7gbh,Q846570,Americans,https://en.wikipedia.org/wiki/Americans,12
80,/m/013xrm,Q42884,Germans,https://en.wikipedia.org/wiki/Germans,70
81,/m/0gkxl2,Q7258666,Stateside Puerto Ricans,https://en.wikipedia.org/wiki/Stateside_Puerto_Ricans,12
82,/m/0dbxy,Q105405,Cherokee,https://en.wikipedia.org/wiki/Cherokee,12
83,/m/0cmdl5l,Q7681244,Tamil Brahmin,https://en.wikipedia.org/wiki/Tamil_Brahmin,5
84,/m/0268d21,Q1261777,Serbian Americans,https://en.wikipedia.org/wiki/Serbian_Americans,6
85,/m/0912ll,Q5290725,Dominican Americans,https://en.wikipedia.org/wiki/Dominican_Americans,4
86,/m/022dp5,Q1189552,Polish Americans,https://en.wikipedia.org/wiki/Polish_Americans,27
87,/m/019lrz,Q237534,Austrians,https://en.wikipedia.org/wiki/Austrians,16
88,/m/03bx0k4,Q1142927,Hongkongers,https://en.wikipedia.org/wiki/Hongkongers,21
89,/m/02p_gby,Q16197531,Rusyn American,https://en.wikipedia.org/wiki/Rusyn_Americans,2
90,/m/012c1l,Q857880,French Canadians,https://en.wikipedia.org/wiki/French_Canadians,7
91,/m/04y29,Q47740,Muslim,https://en.wikipedia.org/wiki/Muslims,1
92,/m/09743,Q2556103,Pashtuns,https://en.wikipedia.org/wiki/Pashtuns,6
93,/m/03w9bjf,Q4115170,British Indian,https://en.wikipedia.org/wiki/British_Indians,18
94,/m/09m6hr,Q418708,Telugu people,https://en.wikipedia.org/wiki/Telugu_people,16
95,/m/0583cz,Q3243684,Kayastha,https://en.wikipedia.org/wiki/Kayastha,4
96,/m/02g7sp,Q6071674,Irish migration to Great Britain,https://en.wikipedia.org/wiki/Irish_people_in_Great_Britain,21
97,/m/063k3h,Q7435494,Scotch-Irish Americans,https://en.wikipedia.org/wiki/Scotch-Irish_Americans,18
98,/m/071x0k,Q4172847,Filipino people,https://en.wikipedia.org/wiki/Filipinos,25
99,/m/0bhsnb,Q1815623,Sri Lankan Tamils,https://en.wikipedia.org/wiki/Sri_Lankan_Tamils,6
100,/m/0bkbz,Q853581,names of the Greeks,https://en.wikipedia.org/wiki/Names_of_the_Greeks,38
101,/m/0f0gt_,Q4058325,Asian people,https://en.wikipedia.org/wiki/Asian_people,22
102,/m/0283js_,,,,7
103,/m/01kg2v,Q47140,Brahmin,https://en.wikipedia.org/wiki/Brahmin,2
104,/m/0828vj,Q7697877,Telugu Brahmins,https://en.wikipedia.org/wiki/Telugu_Brahmin,1
105,/m/08v2k7,Q2257191,Italian Australians,https://en.wikipedia.org/wiki/Italian_Australians,2
106,/m/03gskx0,Q4823807,Australian Americans,https://en.wikipedia.org/wiki/Australian_Americans,6
107,/m/0h2138,Q518188,Czech Americans,https://en.wikipedia.org/wiki/Czech_Americans,7
108,/m/0fng3k,Q6164703,Jatt Sikh,https://en.wikipedia.org/wiki/Jat_Sikh,1
109,/m/023mqw,Q1996554,Kashmiri Pandit,https://en.wikipedia.org/wiki/Kashmiri_Pandits,9
110,/m/0222hg,Q1645980,Jaat,https://en.wikipedia.org/wiki/Jats,7
111,/m/09vmyh,Q1280677,Serbs of Croatia,https://en.wikipedia.org/wiki/Serbs_of_Croatia,1
112,/m/06fczy,Q40809606,Black Irish,https://en.wikipedia.org/wiki/Black_Irish_(folklore),2
113,/m/03lmx1,Q181634,Scottish people,https://en.wikipedia.org/wiki/Scottish_people,62
114,/m/03vv99,Q4969441,British Americans,https://en.wikipedia.org/wiki/British_Americans,15
115,/m/09zyn5,Q188779,Norwegians,https://en.wikipedia.org/wiki/Norwegians,18
116,/m/0470lk,Q165235,Bosnians,https://en.wikipedia.org/wiki/Bosnians,3
117,/m/0fj1k9,Q7507476,Sicilian Americans,https://en.wikipedia.org/wiki/Sicilian_Americans,5
118,/m/03cbkrf,Q4065203,English Australian,https://en.wikipedia.org/wiki/English_Australians,5
119,/m/0bbz66j,Q1318423,Australians,https://en.wikipedia.org/wiki/Australians,24
120,/m/0268_k,Q164714,Danes,https://en.wikipedia.org/wiki/Danes,28
121,/m/04dzwby,Q5501711,French Chilean,https://en.wikipedia.org/wiki/French_Chileans,1
122,/m/04y8_bm,Q6935055,multiracial American,https://en.wikipedia.org/wiki/Multiracial_Americans,7
123,/m/0ffhz3,Q1849258,Albanian Americans,https://en.wikipedia.org/wiki/Albanian_Americans,7
124,/m/0ffj5g,Q324216,Austrian Americans,https://en.wikipedia.org/wiki/Austrian_Americans,4
125,/m/06j2v,Q8060,Romani people,https://en.wikipedia.org/wiki/Romani_people,12
126,/m/03cjjy0,Q5602103,Greeks in South Africa,https://en.wikipedia.org/wiki/Greeks_in_South_Africa,1
127,/m/06v41q,Q1369944,French Americans,https://en.wikipedia.org/wiki/French_Americans,20
128,/m/032j30,Q1283606,Native Hawaiians,https://en.wikipedia.org/wiki/Native_Hawaiians,5
129,/m/01n94b,Q171336,Slovaks,https://en.wikipedia.org/wiki/Slovaks,5
130,/m/0d2by,Q1146100,Chinese Americans,https://en.wikipedia.org/wiki/Chinese_Americans,44
131,/m/038723,Q1150312,Greek Americans,https://en.wikipedia.org/wiki/Greek_Americans,22
132,/m/0g5y6,Q133032,Hungarians,https://en.wikipedia.org/wiki/Hungarians,28
133,/m/0bymc,Q200263,Parsi,https://en.wikipedia.org/wiki/Parsis,10
134,/m/0d8qh0,Q4256383,Indonesian Americans,https://en.wikipedia.org/wiki/Indonesian_Americans,3
135,/m/0c2hxm,Q5147921,Colombian Americans,https://en.wikipedia.org/wiki/Colombian_Americans,3
136,/m/04znbg,Q16149615,African-American Jews,https://en.wikipedia.org/wiki/African-American_Jews,1
137,/m/027n1m6,Q7541523,Slovak Americans,https://en.wikipedia.org/wiki/Slovak_Americans,5
138,/m/02czfr,Q365539,Black Canadians,https://en.wikipedia.org/wiki/Black_Canadians,1
139,/m/0g48m4,Q6510842,Lebanese Americans,https://en.wikipedia.org/wiki/Lebanese_Americans,7
140,/m/01swvz,Q388101,Anglo-Celtic Australians,https://en.wikipedia.org/wiki/Anglo-Celtic_Australians,2
141,/m/0462jl6,Q7144694,Pathani,https://en.wikipedia.org/wiki/Pathani,1
142,/m/025_0f0,Q124216,Swiss,https://en.wikipedia.org/wiki/Swiss_people,5
143,/m/0j6x8,Q170355,Indigenous Australians,https://en.wikipedia.org/wiki/Indigenous_Australians,17
144,/m/05ysft4,,,,1
145,/m/01ylpf,Q49540,Latvians,https://en.wikipedia.org/wiki/Latvians,2
146,/m/0bnzjx,Q16242047,Criollo people,https://en.wikipedia.org/wiki/Criollo_people,1
147,/m/04f581,Q1193808,Norwegian Americans,https://en.wikipedia.org/wiki/Norwegian_Americans,12
148,/m/0ch3pqf,Q1377716,Belgians,https://en.wikipedia.org/wiki/Belgians,1
149,/m/02p4q5p,Q3267812,Portuguese Americans,https://en.wikipedia.org/wiki/Portuguese_Americans,12
150,/m/02wcbj_,Q11685635,Bolivian Americans,https://en.wikipedia.org/wiki/Bolivian_Americans,1
151,/m/02jvpv,Q2552898,Kiwi,https://en.wikipedia.org/wiki/Kiwi_(nickname),12
152,/m/08gzsf,Q1249914,Konkani people,https://en.wikipedia.org/wiki/Konkani_people,1
153,/m/09cqth,Q1780828,Romanichal,https://en.wikipedia.org/wiki/Romanichal,2
154,/m/02p444n,Q1195125,Cubans,https://en.wikipedia.org/wiki/Cubans,6
155,/m/07j80c,Q7409937,Samoan Americans,https://en.wikipedia.org/wiki/Samoan_Americans,5
156,/m/0btrm4,Q2325516,Armenian Americans,https://en.wikipedia.org/wiki/Armenian_Americans,4
157,/m/04608z,Q4690200,Afro Trinidadians and Tobagonians,https://en.wikipedia.org/wiki/Afro%E2%80%93Trinidadians_and_Tobagonians,3
158,/m/065z7w_,Q6913088,Moroccan Americans,https://en.wikipedia.org/wiki/Moroccan_Americans,1
159,/m/0b0gzf,,,,1
160,/m/033njm,Q3154490,Irish Canadians,https://en.wikipedia.org/wiki/Irish_Canadians,6
161,/m/02rbdlq,Q7437641,Scottish Canadians,https://en.wikipedia.org/wiki/Scottish_Canadians,10
162,/m/01xttr,Q118281,Kannada people,https://en.wikipedia.org/wiki/Kannadigas,6
163,/m/062_25,Q1065371,Italian Brazilians,,2
164,/m/01nbcy,Q44614,Taiwanese Americans,https://en.wikipedia.org/wiki/Taiwanese_Americans,2
165,/m/02cm28,Q2935829,English Canadians,https://en.wikipedia.org/wiki/English_Canadians,1
166,/m/0fqz6,Q686949,Cajun,https://en.wikipedia.org/wiki/Cajuns,14
167,/m/047bp1r,Q5147919,Colombian Australian,https://en.wikipedia.org/wiki/Colombian_Australians,1
168,/m/0bs7l_v,Q3310017,Pakistanis,https://en.wikipedia.org/wiki/Pakistanis,5
169,/m/02qv_h_,Q3303849,Syrian Americans,https://en.wikipedia.org/wiki/Syrian_Americans,5
170,/m/0dv5vw,Q3349057,Pacific Islander Americans,https://en.wikipedia.org/wiki/Pacific_Islander_Americans,2
171,/m/04tvpv,,,,18
172,/m/026c9dq,Q7416717,Chilean Americans,https://en.wikipedia.org/wiki/Chilean_Americans,6
173,/m/0b__fv3,Q7681242,Tamil Americans,https://en.wikipedia.org/wiki/Tamil_Americans,2
174,/m/018s6c,Q875556,Israelis,https://en.wikipedia.org/wiki/Israelis,12
175,/m/03yk6g,Q388467,Afro-Cuban,https://en.wikipedia.org/wiki/Afro-Cubans,1
176,/m/05l3g_,Q200569,Dutch,https://en.wikipedia.org/wiki/Dutch_people,22
177,/m/0ckk60,Q785378,White South Africans,https://en.wikipedia.org/wiki/White_South_Africans,2
178,/m/0bfjm7,Q3094841,Welsh Americans,https://en.wikipedia.org/wiki/Welsh_Americans,5
179,/m/04jq32s,Q3635166,Nepali Indian,https://en.wikipedia.org/wiki/Nepali_Indian,3
180,/m/0790v,Q40477,Slavs,https://en.wikipedia.org/wiki/Slavs,1
181,/m/01trsl,Q392316,First Nations,https://en.wikipedia.org/wiki/First_Nations_in_Canada,8
182,/m/03cdk7b,Q2580491,مسح,https://en.wikipedia.org/wiki/British_Pakistanis,2
183,/m/02q206y,Q10859769,Iranians in the United Kingdom,https://en.wikipedia.org/wiki/Iranians_in_the_United_Kingdom,4
184,/m/05g0f1,Q415693,Akan people,https://en.wikipedia.org/wiki/Akan_people,1
185,/m/067lwk,Q5187097,Croatian Canadians,https://en.wikipedia.org/wiki/Croatian_Canadians,2
186,/m/05748,Q6122670,Māori,https://en.wikipedia.org/wiki/M%C4%81ori_people,7
187,/m/033qxt,Q501837,Mizrahi Jews,https://en.wikipedia.org/wiki/Mizrahi_Jews,5
188,/m/097nms,Q3244280,Black Britons,https://en.wikipedia.org/wiki/Black_British_people,3
189,/m/04czx7,Q1974839,Chinese Filipino,https://en.wikipedia.org/wiki/Chinese_Filipinos,24
190,/m/08xbxs,Q7125804,Pakistani Canadians,https://en.wikipedia.org/wiki/Pakistani_Canadians,1
191,/m/0432mrk,Q36747,Indigenous peoples of the Americas,https://en.wikipedia.org/wiki/Indigenous_peoples_of_the_Americas,33
192,/m/059_w,Q49297,Native Americans in the United States,https://en.wikipedia.org/wiki/Native_Americans_in_the_United_States,13
193,/m/01ywdy,Q173302,Estonians,https://en.wikipedia.org/wiki/Estonians,2
194,/m/0289z8v,Q2533689,Dalmatian Italians,https://en.wikipedia.org/wiki/Dalmatian_Italians,1
195,/m/013b6_,Q34069,Ashkenazi Jews,https://en.wikipedia.org/wiki/Ashkenazi_Jews,13
196,/m/03f3sf,Q3916714,Romanian Americans,https://en.wikipedia.org/wiki/Romanian_Americans,2
197,/m/017sq0,Q7434888,Eurasian,,4
198,/m/04_hr_,Q1003039,Chinese Singaporeans,https://en.wikipedia.org/wiki/Chinese_Singaporeans,5
199,/m/071drf,Q7404928,Chaliyan,https://en.wikipedia.org/wiki/Saliya,1
200,/m/0hbz9xw,,,,1
201,/m/01j2qv,Q276879,Korean Americans,https://en.wikipedia.org/wiki/Korean_Americans,12
202,/m/0640_7q,Q2672654,History of the Jews in Morocco,https://en.wikipedia.org/wiki/History_of_the_Jews_in_Morocco,4
203,/m/02p656s,,,,7
204,/m/0dj8k3,Q702718,British Jews,https://en.wikipedia.org/wiki/British_Jews,6
205,/m/0466nw8,Q2606511,Lebanese people,https://en.wikipedia.org/wiki/Lebanese_people,6
206,/m/07d_p8,Q244504,Catalans,https://en.wikipedia.org/wiki/Catalans,2
207,/m/078vc,Q582779,Sikh,https://en.wikipedia.org/wiki/Sikhs,3
208,/m/09gp4,Q483569,Belarusians,https://en.wikipedia.org/wiki/Belarusians,4
209,/m/06lshc,Q7042073,Niyogi,https://en.wikipedia.org/wiki/Niyogi_Brahmin,1
210,/m/0404kdr,Q7409949,Samoan New Zealanders,https://en.wikipedia.org/wiki/Samoan_New_Zealanders,1
211,/m/016f5d,Q388264,Blackfoot Confederacy,https://en.wikipedia.org/wiki/Blackfoot_Confederacy,7
212,/m/04mmhj,Q2658204,British Chinese,https://en.wikipedia.org/wiki/British_Chinese,10
213,/m/067lts,Q3395438,Polish Canadians,https://en.wikipedia.org/wiki/Polish_Canadians,2
214,/m/0761bp,Q5102351,Chitrapur Saraswat Brahmin,https://en.wikipedia.org/wiki/Chitrapur_Saraswat_Brahmin,3
215,/m/0bbcnlt,,,,1
216,/m/06rd7,Q48199,Sámi people,https://en.wikipedia.org/wiki/S%C3%A1mi_peoples,2
217,/m/095mw2,Q1633149,Soviet people,https://en.wikipedia.org/wiki/Soviet_people,1
218,/m/09y7x4,Q3707477,Filipino Australians,https://en.wikipedia.org/wiki/Filipino_Australians,2
219,/m/08cjt2,Q6363876,Karnataka Brahmins,https://en.wikipedia.org/wiki/Karnataka_Brahmin,4
220,/m/013s3n,Q170217,Czechs,https://en.wikipedia.org/wiki/Czechs,32
221,/m/0g4pffv,Q4400590,Russian Canadians,https://en.wikipedia.org/wiki/Russian_Canadians,2
222,/m/09gk_6h,Q2365041,Argentines,https://en.wikipedia.org/wiki/Argentines,13
223,/m/034s7b,Q368125,Anglo-Indian people,https://en.wikipedia.org/wiki/Anglo-Indian_people,1
224,/m/0987ctr,,,,1
225,/m/04_bc8,,,,1
226,/m/0b98sy,,,,1
227,/m/0ffjqy,Q3003133,Croatian Americans,https://en.wikipedia.org/wiki/Croatian_Americans,9
228,/m/0fk1z,Q1211934,Hispanic,https://en.wikipedia.org/wiki/Hispanic,15
229,/m/074w_m,Q140713,Tulu people,https://en.wikipedia.org/wiki/Tulu_people,2
230,/m/03cl2pz,Q4416722,Serbs in the United Kingdom,https://en.wikipedia.org/wiki/Serbs_in_the_United_Kingdom,1
231,/m/07gzw5,Q2526737,Kapampangan people,https://en.wikipedia.org/wiki/Kapampangan_people,4
232,/m/086wp0,Q2527423,Ilocano,https://en.wikipedia.org/wiki/Ilocano_people,1
233,/m/01g0y_,Q255872,Ojibwe,https://en.wikipedia.org/wiki/Ojibwe,3
234,/m/0bns36b,,,,1
235,/m/04k02l,Q18356677,Marwari people,https://en.wikipedia.org/wiki/Marwari_people,1
236,/m/02p7gyv,Q4958704,Brazilian Americans,https://en.wikipedia.org/wiki/Brazilian_Americans,1
237,/m/03sx6v,Q5030929,German Canadians,https://en.wikipedia.org/wiki/German_Canadians,2
238,/m/0bfrrj,Q6894521,Mohyal,https://en.wikipedia.org/wiki/Mohyal_Brahmin,1
239,/m/02pzb09,Q3573855,Castilians,https://en.wikipedia.org/wiki/Castilians,1
240,/m/052r3t,Q2975309,Bhutia,https://en.wikipedia.org/wiki/Bhutia,1
241,/m/0268pvf,Q9149944,Iraqi Americans,https://en.wikipedia.org/wiki/Iraqi_Americans,1
242,/m/013s2p,Q940348,Bosniaks,https://en.wikipedia.org/wiki/Bosniaks,1
243,/m/09chmw,Q3803351,Filipino people of Spanish ancestry,https://en.wikipedia.org/wiki/Filipino_people_of_Spanish_ancestry,1
244,/m/0ft9bs,Q7586050,Sri Lankan Tamil diaspora,https://en.wikipedia.org/wiki/Sri_Lankan_Tamil_diaspora,1
245,/m/013b7g,Q102251,Sephardi Jews,https://en.wikipedia.org/wiki/Sephardic_Jews,1
246,/m/02r_qms,Q873625,Brazilians,https://en.wikipedia.org/wiki/Brazilians,6
247,/m/0cx3p,Q45315,Berber,https://en.wikipedia.org/wiki/Berbers,3
248,/m/026cybk,Q3026394,Serbian Canadians,https://en.wikipedia.org/wiki/Serbian_Canadians,3
249,/m/04ydrsn,Q12404065,Israeli Americans,https://en.wikipedia.org/wiki/Israeli_Americans,8
250,/m/067lrj,Q5601752,Greek Canadians,https://en.wikipedia.org/wiki/Greek_Canadians,4
251,/m/0c3wsgg,Q1891793,Moroccans,https://en.wikipedia.org/wiki/Moroccans,1
252,/m/04zjjt,Q573598,history of the Jews in India,https://en.wikipedia.org/wiki/History_of_the_Jews_in_India,1
253,/m/0180zw,Q203178,Kikuyu,https://en.wikipedia.org/wiki/Kikuyu_people,1
254,/m/0hj35,Q207996,Xhosa people,https://en.wikipedia.org/wiki/Xhosa_people,6
255,/m/025tvhm,Q1061510,Egyptians,https://en.wikipedia.org/wiki/Egyptians,3
256,/m/01p7s6,Q1026,Poles,https://en.wikipedia.org/wiki/Polish_people,17
257,/m/02rp50t,Q2696805,Dutch Australian,https://en.wikipedia.org/wiki/Dutch_Australians,1
258,/m/025x6k1,Q1262389,Serbs in North Macedonia,https://en.wikipedia.org/wiki/Serbs_in_North_Macedonia,1
259,/m/0150zs,Q787519,Arab Americans,https://en.wikipedia.org/wiki/Arab_Americans,4
260,/m/0j4w_,Q167420,Croats,https://en.wikipedia.org/wiki/Croats,2
261,/m/0br_8h,Q752526,Galicians,https://en.wikipedia.org/wiki/Galicians,2
262,/m/0266mf0,Q4115525,Palestinians in the United States,https://en.wikipedia.org/wiki/Palestinian_Americans,2
263,/m/03cnzsg,Q7981927,Welsh Italians,https://en.wikipedia.org/wiki/Welsh_Italians,1
264,/m/04hlx1,Q245794,Greek Cypriots,https://en.wikipedia.org/wiki/Greek_Cypriots,1
265,/m/0288fw3,Q7210044,Poles in the United Kingdom,https://en.wikipedia.org/wiki/Poles_in_the_United_Kingdom,1
266,/m/02vkw95,Q5334370,Ecuadorian Americans,https://en.wikipedia.org/wiki/Ecuadorian_Americans,2
267,/m/0fq6zlv,,,,2
268,/m/01sq7s,Q116971,Mohawk,https://en.wikipedia.org/wiki/Mohawk_people,4
269,/m/03r_k,Q189975,Inuit,https://en.wikipedia.org/wiki/Inuit,2
270,/m/0fk3s,Q107434,Sioux,https://en.wikipedia.org/wiki/Sioux,4
271,/m/046j25,Q1886046,Lumbee,https://en.wikipedia.org/wiki/Lumbee,2
272,/m/0338zd,Q1200528,Malaysian Chinese,https://en.wikipedia.org/wiki/Malaysian_Chinese,4
273,/m/027lf0d,Q5766070,Hindkowans,https://en.wikipedia.org/wiki/Hindkowans,1
274,/m/0152s7,Q2849692,Anglo-Irish people,https://en.wikipedia.org/wiki/Anglo-Irish_people,1
275,/m/03d19xz,Q5030922,Canadians in the United Kingdom,https://en.wikipedia.org/wiki/Canadians_in_the_United_Kingdom,1
276,/m/0520604,Q12352241,Mangaloreans,https://en.wikipedia.org/wiki/Mangaloreans,1
277,/m/04_tz7,Q7541693,Slovene Americans,https://en.wikipedia.org/wiki/Slovene_Americans,3
278,/m/01vsch,Q201111,Aromanians,https://en.wikipedia.org/wiki/Aromanians,1
279,/m/01d7kx,Q726673,Swedish-speaking population of Finland,https://en.wikipedia.org/wiki/Swedish-speaking_population_of_Finland,3
280,/m/051wcch,Q4996189,Bulgarian Canadians,https://en.wikipedia.org/wiki/Bulgarian_Canadians,1
281,/m/09lz9zx,,,,1
282,/m/0738n4,Q4713742,Hmong Americans,https://en.wikipedia.org/wiki/Hmong_Americans,3
283,/m/0ffjvd,Q2505231,Ukrainian Americans,https://en.wikipedia.org/wiki/Ukrainian_Americans,3
284,/m/051x6yk,Q1087095,Arabs in Bulgaria,https://en.wikipedia.org/wiki/Arabs_in_Bulgaria,1
285,/m/05sycg,Q2722871,British Asians,https://en.wikipedia.org/wiki/British_Asians,2
286,/m/0fp54b,Q711083,Koryo-saram,https://en.wikipedia.org/wiki/Koryo-saram,1
287,/m/027vy0s,Q2033181,White Latin American,https://en.wikipedia.org/wiki/White_Latin_Americans,4
288,/m/0gf5k1,Q3804346,Italians in the United Kingdom,https://en.wikipedia.org/wiki/Italians_in_the_United_Kingdom,2
289,/m/0dc58y8,,,,2
290,/m/07g8yp,Q4999416,Burmese Americans,https://en.wikipedia.org/wiki/Burmese_Americans,1
291,/m/0444sm4,,,,1
292,/m/0318mh,Q170284,Finns,https://en.wikipedia.org/wiki/Finns,7
293,/m/07hyjp,Q3154488,Irish Australians,https://en.wikipedia.org/wiki/Irish_Australians,3
294,/m/01c034,Q383946,Lao people,https://en.wikipedia.org/wiki/Lao_people,2
295,/m/09fqz7,Q5187093,Croatian Australians,https://en.wikipedia.org/wiki/Croatian_Australians,1
296,/m/03ndvw,Q216151,Vietnamese people,https://en.wikipedia.org/wiki/Vietnamese_people,3
297,/m/0b79c7,Q1196649,Kashmiri people,https://en.wikipedia.org/wiki/Kashmiris,6
298,/m/0665pp,Q719549,Rohilla,https://en.wikipedia.org/wiki/Rohilla,1
299,/m/03d26m9,Q2035264,Hondurans,https://en.wikipedia.org/wiki/Hondurans,2
300,/m/04lhn7b,Q7565427,South African Americans,https://en.wikipedia.org/wiki/South_African_Americans,1
301,/m/03h1dq9,Q3026377,Indian diaspora in France,https://en.wikipedia.org/wiki/Indians_in_France,1
302,/m/0152wh,Q1945786,Chinese Indonesians,https://en.wikipedia.org/wiki/Chinese_Indonesians,2
303,/m/0cc5y74,,,,1
304,/m/012f86,Q44806,Ukrainians,https://en.wikipedia.org/wiki/Ukrainians,7
305,/m/0h6mqq9,,,,1
306,/m/03wbmrc,Q5555460,Ghanaian Americans,https://en.wikipedia.org/wiki/Ghanaian_Americans,4
307,/m/0dqrh8,Q7209875,Polish Australians,https://en.wikipedia.org/wiki/Polish_Australians,1
308,/m/07n8wy,Q3595742,Agrawal,https://en.wikipedia.org/wiki/Agrawal,1
309,/m/01267,Q179248,Albanians,https://en.wikipedia.org/wiki/Albanians,2
310,/m/01mw1s,Q1207351,Chinese Canadians,https://en.wikipedia.org/wiki/Chinese_Canadians,4
311,/m/02gx2x,Q49209,Javanese,https://en.wikipedia.org/wiki/Javanese_people,5
312,/m/03x_lpj,Q4445351,Sudanese Arabs,https://en.wikipedia.org/wiki/Sudanese_Arabs,1
313,/m/02rm7_9,Q7171212,Peruvians in the United Kingdom,https://en.wikipedia.org/wiki/Peruvians_in_the_United_Kingdom,2
314,/m/04csgrq,Q7511479,Sierra Leoneans in the United Kingdom,https://en.wikipedia.org/wiki/Sierra_Leoneans_in_the_United_Kingdom,4
315,/m/05qb937,Q2996826,Venezuelans,https://en.wikipedia.org/wiki/Venezuelans,3
316,/m/05vhv7,Q3521791,Mudaliar,https://en.wikipedia.org/wiki/Mudaliar,1
317,/m/078ds,Q932244,Sinhalese,https://en.wikipedia.org/wiki/Sinhalese_people,5
318,/m/0dq1q,Q117191,Cree,https://en.wikipedia.org/wiki/Cree,3
319,/m/04wy6k,Q5025138,Cambodian Americans,https://en.wikipedia.org/wiki/Cambodian_Americans,2
320,/m/03vghh,Q178630,Portuguese,https://en.wikipedia.org/wiki/Portuguese_people,7
321,/m/065577s,,,,2
322,/m/04l_pt,Q2408653,Thai Chinese,https://en.wikipedia.org/wiki/Thai_Chinese,4
323,/m/0463n9y,,,,1
324,/m/0d32d1,Q2195308,Chinese Jamaicans,https://en.wikipedia.org/wiki/Chinese_Jamaicans,1
325,/m/0c41n,Q415054,Acadians,https://en.wikipedia.org/wiki/Acadians,3
326,/m/03ck8x1,,,,1
327,/m/09snp5,Q12644212,Muhajir,https://en.wikipedia.org/wiki/Muhajir_(Pakistan),1
328,/m/0fxmtg,Q5892930,Honduran Americans,https://en.wikipedia.org/wiki/Honduran_Americans,1
329,/m/02r11hz,Q15055500,Lebanese Mexicans,https://en.wikipedia.org/wiki/Lebanese_Mexicans,1
330,/m/0268xtg,Q3026395,Serbian Australians,https://en.wikipedia.org/wiki/Serbian_Australians,2
331,/m/026kx7g,Q2997267,Colombians,https://en.wikipedia.org/wiki/Colombians,1
332,/m/09tqq8q,Q15307583,Ghanaian,https://en.wikipedia.org/wiki/Ghanaians,3
333,/m/03kbr,Q10090,Hindu,https://en.wikipedia.org/wiki/Hindus,2
334,/m/05c60ml,Q1276073,Chileans,https://en.wikipedia.org/wiki/Chileans,6
335,/m/05mtdy,Q3150506,Indo-Canadians,https://en.wikipedia.org/wiki/Indian_Canadians,2
336,/m/064pj,Q484206,Persians,https://en.wikipedia.org/wiki/Persians,3
337,/m/026zlyd,Q1075929,African people,https://en.wikipedia.org/wiki/African_people,6
338,/m/08yg47,Q3352263,Bengali Brahmins,https://en.wikipedia.org/wiki/Bengali_Brahmin,1
339,/m/03x_fq7,Q12060728,Aboriginal Australians,https://en.wikipedia.org/wiki/Aboriginal_Australians,1
340,/m/06k6sl,Q5099734,Swedish Canadians,https://en.wikipedia.org/wiki/Swedish_Canadians,1
341,/m/0b8yvr,Q7633360,Sudanese Australians,https://en.wikipedia.org/wiki/Sudanese_Australians,1
342,/m/01tyl3,Q2657969,Vietnamese Americans,https://en.wikipedia.org/wiki/Vietnamese_Americans,3
343,/m/04sfz4s,,,,1
344,/m/02vkd28,Q5639720,Haitian Americans,https://en.wikipedia.org/wiki/Haitian_Americans,3
345,/m/0647lm,Q7125803,Pakistani Americans,https://en.wikipedia.org/wiki/Pakistani_Americans,2
346,/m/0bvnws,Q648255,Kabyle people,https://en.wikipedia.org/wiki/Kabyle_people,1
347,/m/07lv5x,Q4842385,Bahamian Americans,https://en.wikipedia.org/wiki/Bahamian_Americans,4
348,/m/02r3wfk,Q4970177,British Jamaicans,https://en.wikipedia.org/wiki/British_Jamaicans,2
349,/m/02qv716,Q5501667,French-speaking Quebecer,https://en.wikipedia.org/wiki/French-speaking_Quebecer,1
350,/m/0h8mzsl,,,,1
351,/m/01nft3,Q377085,Assyrian people,https://en.wikipedia.org/wiki/Assyrian_people,2
352,/m/031_sd,Q337487,Rajput,https://en.wikipedia.org/wiki/Rajput,1
353,/m/0ffhvl,Q2464565,Turkish Americans,https://en.wikipedia.org/wiki/Turkish_Americans,2
354,/m/07s49c2,Q5098860,Chileans in the United Kingdom,https://en.wikipedia.org/wiki/Chileans_in_the_United_Kingdom,1
355,/m/03hf_6z,Q285828,Gibraltarian people,https://en.wikipedia.org/wiki/Gibraltarians,1
356,/m/03fk0c,Q191356,Icelanders,https://en.wikipedia.org/wiki/Icelanders,4
357,/m/01crfj,Q146744,Copts,https://en.wikipedia.org/wiki/Copts,4
358,/m/0h1nk0k,,,,1
359,/m/01flqq,,,,1
360,/m/021pd,Q324516,Choctaw,https://en.wikipedia.org/wiki/Choctaw,1
361,/m/0bms44,Q4386404,Louisiana Creole people,https://en.wikipedia.org/wiki/Louisiana_Creole_people,1
362,/m/07s9g04,Q6496280,Latin American British,https://en.wikipedia.org/wiki/Latin_American_migration_to_the_United_Kingdom,1
363,/m/03ty8_,Q1421205,Lithuanian Jews,https://en.wikipedia.org/wiki/Litvaks,1
364,/m/02rdfpy,Q7406487,Salvadoran Americans,https://en.wikipedia.org/wiki/Salvadoran_Americans,1
365,/m/02vys3l,Q7919819,Venezuelan Americans,https://en.wikipedia.org/wiki/Venezuelan_Americans,1
366,/m/03fvrb,Q3239254,Khatri,https://en.wikipedia.org/wiki/Khatri,1
367,/m/04pnf,Q1464994,Latino,https://en.wikipedia.org/wiki/Latino_(demonym),10
368,/m/0bvjpj,Q7032863,Nigerian Americans,https://en.wikipedia.org/wiki/Nigerian_Americans,1
369,/m/039z49,Q212106,Dinka people,https://en.wikipedia.org/wiki/Dinka_people,1
370,/m/01_5cg,Q102090,Apache,https://en.wikipedia.org/wiki/Apache,1
371,/m/03q819,Q236807,Yugoslavs,https://en.wikipedia.org/wiki/Yugoslavs,2
372,/m/025xss1,,,,1
373,/m/0c29q8,,,,1
374,/m/013s41,Q133255,Bulgarians,https://en.wikipedia.org/wiki/Bulgarians,4
375,/m/03x1x,Q68518,Iroquois,https://en.wikipedia.org/wiki/Iroquois,1
376,/m/05cc9h,Q241696,Somalis,https://en.wikipedia.org/wiki/Somali_people,2
377,/m/03m9my8,Q2686890,Arab Mexican,https://en.wikipedia.org/wiki/Arab_Mexicans,1
378,/m/0165md,Q1208167,Ryukyuan people,https://en.wikipedia.org/wiki/Ryukyuan_people,3
379,/m/0g44f5,,,,1
380,/m/0gtwjz6,Q5029742,Canadian Australian,https://en.wikipedia.org/wiki/Canadian_Australians,1
381,/m/01hm_,Q968848,Bohemian People,https://en.wikipedia.org/wiki/Bohemian_(demonym),1
382,/m/03zcwh,Q1976298,Ukrainian Canadians,https://en.wikipedia.org/wiki/Ukrainian_Canadians,5
383,/m/04lgl9t,Q4825530,Austrians in the United Kingdom,https://en.wikipedia.org/wiki/Austrians_in_the_United_Kingdom,1
384,/m/0g5k7qv,,,,1
385,/m/067lv3,Q2589229,Dutch Canadians,https://en.wikipedia.org/wiki/Dutch_Canadians,1
386,/m/0ftlzz,Q4272184,Luxembourgish Americans,https://en.wikipedia.org/wiki/Luxembourgish_Americans,1
387,/m/06y24j,Q1113048,Iranian Americans,https://en.wikipedia.org/wiki/Iranian_Americans,1
388,/m/02m0kh,Q819186,Mandinka people,https://en.wikipedia.org/wiki/Mandinka_people,2
389,/m/01l0ty,Q187985,Tibetan people,https://en.wikipedia.org/wiki/Tibetan_people,4
390,/m/03cmqbt,Q7573435,Spanish people of Filipino ancestry,https://en.wikipedia.org/wiki/Spanish_people_of_Filipino_ancestry,1
391,/m/0g5rkt4,Q509590,Corsicans,https://en.wikipedia.org/wiki/Corsicans,1
392,/m/02dd5z,Q340520,Aceh,https://en.wikipedia.org/wiki/Acehnese_people,1
393,/m/01gr8h,Q200513,Sherpa,https://en.wikipedia.org/wiki/Sherpa_people,1
394,/m/01vr3v,Q485150,Romanians,https://en.wikipedia.org/wiki/Romanians,3
395,/m/09g34_,Q310983,Malagasy people,https://en.wikipedia.org/wiki/Malagasy_peoples,1
396,/m/09cd0m,Q5448617,Filipino mestizo,https://en.wikipedia.org/wiki/Filipino_Mestizos,1
397,/m/03h11s3,Q4200801,Indian Australian,https://en.wikipedia.org/wiki/Indian_Australians,1
398,/m/05ms3p0,Q620089,Punjabi diaspora,https://en.wikipedia.org/wiki/Punjabi_diaspora,2
399,/m/04lfc70,Q4793325,Armenians in Italy,https://en.wikipedia.org/wiki/Armenians_in_Italy,1
400,/m/06dy2k,Q1064662,Serbs of Bosnia and Herzegovina,https://en.wikipedia.org/wiki/Serbs_of_Bosnia_and_Herzegovina,1
401,/m/013z8m,Q145665,Manchu,https://en.wikipedia.org/wiki/Manchu_people,2
402,/m/0ftwg,Q207050,Buryats,https://en.wikipedia.org/wiki/Buryats,1
403,/m/06bkf,Q245507,Quebeckers,https://en.wikipedia.org/wiki/Qu%C3%A9b%C3%A9cois_people,2
404,/m/0c_lbq,Q2598589,Armenians of Russia,https://en.wikipedia.org/wiki/Armenians_in_Russia,1
405,/m/0301xt,Q4770873,Dene,https://en.wikipedia.org/wiki/Dene,1
406,/m/01kb9y,Q1378555,multiracial people,https://en.wikipedia.org/wiki/Multiracial_people,2
407,/m/042199j,Q928333,Spaniards in Mexico,https://en.wikipedia.org/wiki/Spaniards_in_Mexico,1
408,/m/03m3p6w,,,,1
409,/m/0br_9j,Q1365830,Romani people in Spain,https://en.wikipedia.org/wiki/Gitanos,3
410,/m/032m0b,Q5094202,Chettiar,https://en.wikipedia.org/wiki/Chettiar,1
411,/m/05y2yj,Q3453511,Baltic Russians,https://en.wikipedia.org/wiki/Russians_in_the_Baltic_states,1
412,/m/01f9bg,Q1417088,Iñupiaq people,https://en.wikipedia.org/wiki/I%C3%B1upiat,1
413,/m/04hqxn,Q170352,Transylvanian Saxons,https://en.wikipedia.org/wiki/Transylvanian_Saxons,1
414,/m/068y7m,Q4269361,Greek Australians,https://en.wikipedia.org/wiki/Greek_Australians,1
415,/m/0ffk5n,Q4356656,Latvian Americans,https://en.wikipedia.org/wiki/Latvian_Americans,1
416,/m/03gy1h2,Q7129967,Panamanian Americans,https://en.wikipedia.org/wiki/Panamanian_Americans,1
417,/m/04wysy,Q219517,Dalit,https://en.wikipedia.org/wiki/Dalit,1
418,/m/04fh1b,Q2712961,Afro-Asians,https://en.wikipedia.org/wiki/Afro-Asians,3
419,/m/01h4n,Q126756,Basque people,https://en.wikipedia.org/wiki/Basques,1
420,/m/044bp_,Q6025447,Indo Caribbeans,https://en.wikipedia.org/wiki/Indo-Caribbean_people,1
421,/m/0dtkkb,Q2986879,British African-Caribbean people,https://en.wikipedia.org/wiki/British_African-Caribbean_people,1
422,/m/0fp4n,Q35565,Tatars,https://en.wikipedia.org/wiki/Tatars,3
423,/m/0166vx,Q45321045,Tejano,https://en.wikipedia.org/wiki/Tejanos,1
424,/m/047q05d,Q6511009,Lebanese people in the United Kingdom,https://en.wikipedia.org/wiki/Lebanese_people_in_the_United_Kingdom,1
425,/m/0c50f,Q262457,Métis,https://en.wikipedia.org/wiki/M%C3%A9tis,1
426,/m/01srl7,Q106974,Ossetians,https://en.wikipedia.org/wiki/Ossetians,1
427,/m/0fpxlz9,,,,1
428,/m/03lnnd,Q4450068,Thai Americans,https://en.wikipedia.org/wiki/Thai_Americans,3
429,/m/02pj9yr,,,,1
430,/m/04118b,Q321090,German Brazilians,https://en.wikipedia.org/wiki/German_Brazilians,1
431,/m/0xff,Q35323,Arabs,https://en.wikipedia.org/wiki/Arabs,2
432,/m/0bdynxs,,,,1
433,/m/01gby2,Q36692,Zhuang people,https://en.wikipedia.org/wiki/Zhuang_people,1
434,/m/0dn1_0,Q1675074,Italian immigration to Mexico,https://en.wikipedia.org/wiki/Italian_immigration_to_Mexico,2
435,/m/062szv5,,,,1
436,/m/062zk4r,,,,1
437,/m/0960kn,Q5030924,Danish Canadians,https://en.wikipedia.org/wiki/Danish_Canadians,1
438,/m/043_z22,,,,1
439,/m/097r55,Q125564,Manx people,https://en.wikipedia.org/wiki/Manx_people,3
440,/m/035b50,Q1144461,Japanese Brazilians,https://en.wikipedia.org/wiki/Japanese_Brazilians,1
441,/m/01hphz,Q925034,Indian diaspora,https://en.wikipedia.org/wiki/Indian_diaspora,1
442,/m/033fjj,Q1537653,Ho-Chunk,https://en.wikipedia.org/wiki/Ho-Chunk,1
443,/m/0b3zsn,Q5602121,Greeks in the United Kingdom,https://en.wikipedia.org/wiki/Greeks_in_the_United_Kingdom,2
444,/m/04lhnps,Q4858560,Barbadian Americans,https://en.wikipedia.org/wiki/Barbadian_Americans,1
445,/m/08c25t,Q217397,Wolof people,https://en.wikipedia.org/wiki/Wolof_people,4
446,/m/05sng,Q4115874,culture of Palestine,https://en.wikipedia.org/wiki/Culture_of_Palestine,2
447,/m/05bzpzx,Q5201739,Czech Australians,https://en.wikipedia.org/wiki/Czech_Australians,1
448,/m/064rb5l,Q1752440,Israeli Jews,https://en.wikipedia.org/wiki/Israeli_Jews,1
449,/m/01km_m,Q15863,Slovenes,https://en.wikipedia.org/wiki/Slovenes,1
450,/m/059v8,Q1123923,Nez Perce,https://en.wikipedia.org/wiki/Nez_Perce,1
451,/m/03b_13l,Q4302645,Swedish Australian,https://en.wikipedia.org/wiki/Swedish_Australians,1
452,/m/09c8kp,Q4690182,Afro-Guyanese,https://en.wikipedia.org/wiki/Afro-Guyanese,1
453,/m/05ztd1,Q1287427,Dogra,https://en.wikipedia.org/wiki/Dogras,1
454,/m/04c28,Q12223,Kurds,https://en.wikipedia.org/wiki/Kurds,1
455,/m/03sk2,Q3044242,demographics of Iraq,https://en.wikipedia.org/wiki/Demographics_of_Iraq,1
456,/m/04jtjvt,,,,1
457,/m/03hjx6f,Q4920978,Black Hispanic and Latino Americans,https://en.wikipedia.org/wiki/Black_Hispanic_and_Latino_Americans,1
458,/m/027936c,Q3059102,Gin people,https://en.wikipedia.org/wiki/Gin_people,1
459,/m/06w4lv,Q17054305,Indo-Guyanese,https://en.wikipedia.org/wiki/Indo-Guyanese,1
460,/m/03nvq,Q115473,Hazaras,https://en.wikipedia.org/wiki/Hazaras,1
461,/m/03nz70,Q828398,Hutsuls,https://en.wikipedia.org/wiki/Hutsuls,1
462,/m/01g3rx,Q109402,Aymara,https://en.wikipedia.org/wiki/Aymara_people,1
463,/m/02wz7j,Q1572875,Oneida,https://en.wikipedia.org/wiki/Oneida_people,1
464,/m/04kdwcx,,,,1
465,/m/04_8lfc,,,,1
466,/m/033qt1,Q482942,Azerbaijanis,https://en.wikipedia.org/wiki/Azerbaijanis,1
467,/m/08j1fb,Q4855425,Bangladeshi Americans,https://en.wikipedia.org/wiki/Bangladeshi_Americans,1
468,/m/07wsyr,Q472834,Thai people,https://en.wikipedia.org/wiki/Thai_people,1
469,/m/06vb7b,Q10859771,Iranian Canadians,https://en.wikipedia.org/wiki/Iranian_Canadians,1
470,/m/012fh,Q385799,Afrikaners,https://en.wikipedia.org/wiki/Afrikaners,1
471,/m/0dm3xpw,,,,1
472,/m/09r2kh,Q46295,peoples of the Caucasus,https://en.wikipedia.org/wiki/Ethnic_groups_in_the_Caucasus,1
473,/m/02ry8mk,Q2983498,Sierra Leone Creole people,https://en.wikipedia.org/wiki/Sierra_Leone_Creole_people,1
474,/m/026d074,Q16839420,Goans,https://en.wikipedia.org/wiki/Goans,1
475,/m/0fk55,Q322951,Cheyennes,https://en.wikipedia.org/wiki/Cheyenne,1
476,/m/013y54,Q42740,Han Chinese people,https://en.wikipedia.org/wiki/Han_Chinese,1
